Year,Release Date,Model,Family,Discontinued
1976,4/11/1976,Apple I,Apple I,9/1/1977
1977,4/1/1977,Apple II,Apple II,6/1/1979
1978,6/1/1978,Disk II,Drives,5/1/1984
1979,6/1/1979,Apple II Plus,Apple II series,12/1/1982
1979,6/1/1979,Apple II EuroPlus,Apple II series,12/1/1982
1979,6/1/1979,Apple II J-Plus,Apple II series,12/1/1982
1979,6/1/1979,Bell & Howell,Apple II series,12/1/1982
1979,6/1/1979,Bell & Howell Disk II,Drives,12/1/1982
1979,6/1/1979,Apple SilenType,Printers,10/1/1982
1980,9/1/1980,Apple III,Apple III,12/1/1981
1980,9/1/1980,Modem IIB (Novation CAT),Modems,12/1/1981
1980,9/1/1980,Printer IIA (Centronics 779),Printers,12/1/1981
1980,9/1/1980,Monitor III,Displays,12/1/1981
1980,9/1/1980,Monitor II (various third party),Displays,12/1/1981
1980,9/1/1980,Disk III,Drives,5/1/1984
1981,9/1/1981,Apple ProFile,Drives,9/1/1986
1981,12/1/1981,Apple III Revised[1],Apple III,12/1/1983
1982,10/1/1982,Apple Dot Matrix Printer,Printers,12/1/1983
1982,10/1/1982,Apple Daisy Wheel Printer,Printers,12/1/1983
1983,1/15/1983,Apple IIe,Apple II,3/1/1985
1983,1/15/1983,Apple Lisa[2],68000,1/1/1984
1983,12/1/1983,Apple III Plus,Apple III,4/24/1984
1983,12/1/1983,Apple ImageWriter,ImageWriter,12/1/1985
1984,1/1/1984,Apple Lisa 2,68000,1/1/1985
1984,1/24/1984,Macintosh (128K),Compact,9/10/1984
1984,1/24/1984,Macintosh External Disk Drive (400K),Drives,1/1/1986
1984,1/24/1984,Apple Modem 300,Modems,1/1/1986
1984,1/24/2021,Apple Modem 1200,Modems,1/1/1986
1984,4/1/1984,Apple IIc,Apple II,9/1/1986
1984,4/1/1984,Apple Scribe Printer,Printers,12/1/1985
1984,4/1/1984,Apple Mouse IIc,Apple Mouse,12/1/1985
1984,4/1/1984,Disk IIc,Drives,12/1/1985
1984,5/1/1984,Apple DuoDisk 5.25,Drives,12/1/1985
1984,6/1/1984,Apple 410 Color Plotter,Printers,12/1/1985
1984,6/1/1984,Apple ImageWriter Wide Carriage,Printers,12/1/1985
1984,9/10/1984,Macintosh 512K,Compact,4/14/1986
1984,9/10/1984,Macintosh 128K (revised),Compact,10/1/1985
1984,12/1/1984,AppleColor 100,Displays,10/1/1985
1985,1/1/1985,Macintosh XL,68000,4/1/1985
1985,1/1/1985,Apple LaserWriter,Printers,12/1/1985
1985,1/1/1985,Apple LocalTalk Connector,Networking,12/1/1985
1985,3/1/1985,Apple IIe Enhanced,Apple II,1/1/1987
1985,4/1/1985,Apple Personal Modem,Modems,1/1/1987
1985,4/1/1985,Apple ImageWriter II,Printers,6/18/1905
1985,6/1/1985,Apple UniDisk 5.25,Drives,9/1/1986
1985,9/1/1985,Macintosh Hard Disk 20,Drives,9/1/1986
1985,9/1/1985,Apple UniDisk 3.5,Drives,1/1/1987
1985,9/1/1985,Apple ColorMonitor IIe,Displays,1/1/1987
1985,9/1/1985,Apple ColorMonitor IIc,Displays,1/1/1987
1986,1/16/1986,Macintosh Plus,Compact,10/15/1990
1986,1/16/1986,Macintosh 800K External Drive,Drives,10/15/1990
1986,1/16/1986,Apple LaserWriter Plus,Printers,10/15/1990
1986,4/14/1986,Macintosh 512Ke,Compact,10/1/1987
1986,9/15/1986,Apple IIGS,Apple II,12/1/1992
1986,9/15/1986,Apple IIc Memory Expansion,Apple II,9/1/1988
1986,9/15/1986,Apple Hard Disk 20SC,Drives,9/1/1988
1986,9/15/1986,"Apple 3.5"" Drive",Drives,9/1/1988
1986,9/15/1986,"Apple 5.25"" Drive",Drives,9/1/1988
1986,9/15/1986,AppleColor RGB Monitor,Displays,9/1/1988
1986,9/15/1986,Apple Monochrome Monitor,Displays,9/1/1988
1986,9/15/1986,AppleColor Composite Monitor,Displays,9/1/1988
1987,1/1/1987,Macintosh Plus (Platinum),Compact,10/15/1990
1987,1/1/1987,Apple IIe Platinum,Apple II,11/1/1993
1987,3/2/1987,Macintosh SE,Compact,8/1/1989
1987,3/2/1987,Macintosh II,Mac II,1/15/1990
1987,3/2/1987,AppleColor High-Resolution RGB Monitor,Displays,12/1/1992
1987,8/1/1987,ImageWriter LQ,Printers,12/1/1990
1987,8/1/1987,AppleFax Modem,Modems,12/1/1990
1987,8/1/1987,"Apple PC 5.25"" Drive",Drives,12/1/1990
1987,8/1/1987,Apple Tape Backup 40SC,Drives,12/1/1990
1988,1/1/1988,"LaserWriter II SC, II NT, II NTX",Printers,
1988,1/1/1988,AppleCD SC,Drives,
1988,1/1/1988,Apple Scanner,Scanner,
1988,9/1/1988,Apple IIc Plus,Apple II,9/1/1990
1988,9/19/1988,Macintosh IIx,Mac II,10/15/1990
1989,1/19/1989,Macintosh SE/30,Compact,10/21/1991
1989,3/7/1989,Macintosh IIcx,Mac II,3/11/1991
1989,3/7/1989,Apple Two Page Monochrome Monitor,Displays,3/11/1991
1989,3/7/1989,Apple Macintosh Portrait Display,Displays,3/11/1991
1989,3/7/1989,Apple High-Resolution Monochrome Display,Displays,3/11/1991
1989,7/1/1989,Apple Modem 2400,Modems,12/1/1992
1989,8/1/1989,Macintosh SE FDHD,Compact,10/15/1990
1989,8/1/1989,Apple FDHD SuperDrive,Drives,10/15/1990
1989,9/20/1989,Macintosh IIci,Mac II,2/20/1993
1989,9/20/1989,Macintosh Portable,Portable,2/11/1991
1989,10/1/1989,"Apple IIGS (1 MB, ROM 3)[3]",Apple II,12/1/1992
1990,3/19/1990,Macintosh IIfx,Mac II,4/15/1992
1990,6/1/1990,Personal LaserWriter SC,LaserWriter,9/1/1993
1990,10/15/1990,Macintosh LC,Macintosh LC,3/23/1992
1990,10/15/1990,Macintosh Classic,Compact,9/14/1992
1990,10/15/1990,Macintosh IIsi,Mac II,3/15/1993
1991,2/11/1991,Macintosh Portable,Portable,10/21/1991
1991,3/1/1991,Personal LaserWriter LS,LaserWriter,5/1/1993
1991,3/1/1991,StyleWriter,StyleWriter,1/1/1993
1991,3/1/1991,Apple IIe Card,Apple II series,5/1/1995
1991,7/1/1991,Personal LaserWriter NT,LaserWriter,
1991,10/1/1991,LaserWriter II f,Printer,5/1/1993
1991,10/1/1991,LaserWriter II g,Printer,10/1/1993
1991,10/21/1991,Macintosh Classic II,Compact,9/13/1993
1991,10/21/1991,Quadra 700,Quadra,3/15/1993
1991,10/21/1991,Quadra 900,,5/18/1992
1991,10/21/1991,PowerBook 100,PowerBook,8/3/1992
1991,10/21/1991,PowerBook 140,,8/3/1992
1991,10/21/1991,PowerBook 170,,10/19/1992
1992,3/1/1992,Personal LaserWriter NTR,LaserWriter,9/1/1993
1992,3/23/1992,Macintosh LC II,Macintosh LC,3/15/1993
1992,5/18/1992,Quadra 950,Quadra,10/14/1995
1992,8/3/1992,PowerBook 145,PowerBook,7/7/1993
1992,9/14/1992,Performa 200,Performa,10/18/1993
1992,9/14/1992,Performa 400,Performa,10/18/1993
1992,9/14/1992,Performa 600 and 600CD,Performa,10/18/1993
1992,9/14/1992,Apple Performa Plus Display,Display,7/18/1994
1992,10/19/1992,Macintosh IIvi,Mac II,2/10/1993
1992,10/19/1992,Macintosh IIvx,Mac II,10/10/1993
1992,10/19/1992,PowerBook 160,PowerBook,8/16/1993
1992,10/19/1992,PowerBook 180,PowerBook,5/16/1994
1992,10/19/1992,PowerBook Duo 210,PowerBook Duo,10/21/1993
1992,10/19/1992,PowerBook Duo 230,PowerBook Duo,7/27/1994
1992,10/19/1992,Powerbook Duo Dock,Powerbook Duo,7/27/1994
1993,1/1/1993,StyleWriter II,Printer,4/17/1995
1993,1/1/1993,Apple Color Printer,Printer,
1993,1/1/1993,LaserWriter Pro 600,Printer,10/1/1993
1993,1/1/1993,LaserWriter Pro 630,Printer,9/1/1994
1993,2/1/1993,Performa 250,Performa,5/1/1994
1993,2/10/1993,Macintosh LC III / III+,Macintosh LC,2/14/1994
1993,2/10/1993,Macintosh Color Classic,Compact,5/16/1994
1993,2/10/1993,Centris 610,Centris,10/21/1993
1993,2/10/1993,Centris 650,Centris,10/21/1993
1993,2/10/1993,Quadra 800,Quadra,3/14/1994
1993,2/10/1993,PowerBook 165c,PowerBook,12/13/1993
1993,2/10/1993,LaserWriter Select 300,LaserWriter,1/3/1995
1993,2/10/1993,LaserWriter Select 310,LaserWriter,1/1/1994
1993,3/22/1993,Workgroup Server 80,Workgroup Server,10/17/1995
1993,3/22/1993,Workgroup Server 95,Workgroup Server,4/3/1995
1993,3/22/1993,PowerCD,PowerCD,1/1/1995
1993,3/22/1993,Apple Design Powered Speakers,PowerCD,1/1/1995
1993,4/12/1993,Performa 405,Performa,
1993,4/12/1993,Performa 430,Performa,
1993,4/12/1993,Performa 450,Performa,
1993,6/7/1993,PowerBook 145b,PowerBook,7/18/1994
1993,6/7/1993,PowerBook 180c,PowerBook,3/14/1994
1993,6/7/1993,Personal LaserWriter 300,LaserWriter,
1993,6/23/1993,Portable StyleWriter,StyleWriter,5/15/1995
1993,6/28/1993,Macintosh LC 520,Macintosh LC,2/2/1994
1993,6/28/1993,Performa 520,Performa,
1993,7/26/1993,Workgroup Server 60,Workgroup Server,10/17/1995
1993,7/29/1993,Centris / Quadra 660AV,Centris / Quadra,9/12/1994
1993,7/29/1993,Quadra 840AV,Quadra,7/18/1994
1993,8/1/1993,Apple AudioVision 14 Display,Display,10/14/1995
1993,8/16/1993,Newton Message Pad,Newton,3/1/1994
1993,8/16/1993,PowerBook 165,PowerBook,7/18/1994
1993,10/1/1993,Performa 275,Performa,11/1/1995
1993,10/1/1993,LaserWriter Select 360,LaserWriter,4/22/1996
1993,10/1/1993,LaserWriter Pro 810,LaserWriter,11/1/1994
1993,10/1/1993,Personal LaserWriter 320,LaserWriter,9/16/1995
1993,10/18/1993,Performa 475 / 476,Performa,10/17/1994
1993,10/18/1993,Performa 410,Performa,
1993,10/18/1993,Performa 460 / 466 / 467,Performa,
1993,10/18/1993,Performa 550,Performa 550,
1993,10/21/1993,Macintosh TV,LC,2/1/1995
1993,10/21/1993,Macintosh Color Classic II,Compact,11/1/1995
1993,10/21/1993,Quadra 605,Quadra,10/17/1994
1993,10/21/1993,Quadra 610,Quadra,7/18/1994
1993,10/21/1993,Quadra 650,Quadra,9/12/1994
1993,10/21/1993,PowerBook Duo 250,PowerBook Duo,5/16/1994
1993,10/21/1993,PowerBook Duo 270c,PowerBook Duo,5/16/1994
1993,10/21/1993,"Apple Color Plus 14"" Display",Display,8/7/1995
1994,1/1/1994,Performa 560,Performa,
1994,2/1/1994,Macintosh LC 550,Macintosh LC,3/23/1995
1994,2/1/1994,Macintosh LC 575,Macintosh LC,4/3/1995
1994,2/1/1994,"Performa 575, 577, 578",Performa,
1994,2/1/1994,Color StyleWriter Pro,StyleWriter,12/16/1995
1994,2/1/1994,Apple QuickTake 100,QuickTake,1/1/1995
1994,2/28/1994,Quadra 610 DOS Compatible,Quadra,6/13/1994
1994,3/14/1994,Power Macintosh 6100,Power Macintosh,5/18/1996
1994,3/14/1994,Power Macintosh 7100,Power Macintosh,1/6/1996
1994,3/14/1994,Power Macintosh 8100/80,Power Macintosh,1/3/1995
1994,4/25/1994,Workgroup Server 6150,Workgroup Server,10/1/1995
1994,4/25/1994,Workgroup Server 8150,Workgroup Server,2/26/1996
1994,4/25/1994,Workgroup Server 9150,Workgroup Server,2/26/1996
1994,5/16/1994,PowerBook 520/c,PowerBook 500,9/16/1995
1994,5/16/1994,PowerBook 540/c,PowerBook 500,8/16/1995
1994,5/16/1994,PowerBook 550,PowerBook 500,4/1/1996
1994,5/16/1994,PowerBook Duo 280,PowerBook Duo,11/14/1994
1994,5/16/1994,PowerBook Duo 280c,PowerBook Duo,1/1/1996
1994,5/16/1994,PowerBook Duo Dock II,PowerBook Duo,5/25/1995
1994,7/1/1994,"Performa 630, 630CD, 635CD, 636, 636CD, 637CD, 638CD",Performa,
1994,7/18/1994,Quadra 630,Quadra,4/17/1995
1994,7/18/1994,PowerBook 150,PowerBook,10/14/1995
1994,7/18/1994,Apple Multiple Scan 15 Display,Display,9/14/1996
1994,9/1/1994,Color StyleWriter 2400,StyleWriter,
1994,9/1/1994,LaserWriter 16/600 PS,LaserWriter,
1994,11/1/1994,Performa 6110CD / 6112CD / 6115CD / 6118CD,Performa,
1994,11/3/1994,Power Macintosh 6100/110,Power Macintosh,8/5/1995
1994,11/3/1994,Macintosh LC 630,LC,3/2/1996
1994,12/1/1994,Pippin,Pippin,12/1/1997
1995,1/28/1995,Power Macintosh 6200 / 6300,Power Macintosh,10/17/1996
1995,2/23/1995,Power Macintosh 8115,Power Macintosh,
1995,4/1/1995,"Performa 580CD, 588CD",Performa,
1995,4/1/1995,StyleWriter 1200,StyleWriter,
1995,4/3/1995,Macintosh LC 580,Macintosh LC,10/1/1995
1995,4/3/1995,Power Macintosh 5200 LC,Power Macintosh / LC,10/1/1996
1995,4/3/1995,"Performa 5200CD, 5210CD, 5215CD, 5220CD",Performa,
1995,5/1/1995,Performa 630CD DOS Compatible,Performa,
1995,5/1/1995,Performa 640CD DOS Compatible,Performa,
1995,5/1/1995,"Performa 5200CD, 5210CD, 5215CD, 5220CD",Performa,
1995,5/1/1995,Performa 6200CD,Performa,
1995,5/1/1995,Power Macintosh 6200,Power Macintosh,7/1/1997
1995,5/1/1995,Power Macintosh 9500,Power Macintosh,2/17/1997
1995,5/15/1995,PowerBook Duo Dock Plus,PowerBook Duo,
1995,5/28/1995,Performa 6300CD,Performa,
1995,6/1/1995,LaserWriter 4/600 PS,LaserWriter,
1995,6/1/1995,Color LaserWriter 12/600,LaserWriter,
1995,6/1/1995,Color StyleWriter 2200,StyleWriter,
1995,6/19/1995,Power Macintosh 9500,Power Macintosh,2/17/1997
1995,7/17/1995,Performa 631CD,Performa,
1995,7/17/1995,"Performa 5215CD, 5220CD",Performa,
1995,7/17/1995,"Performa 6116CD, 6117CD",Performa,
1995,7/17/1995,"Performa 6216CD, 6218CD, 6220CD, 6230CD",Performa,
1995,8/7/1995,Power Macintosh 7200,Power Macintosh,4/1/1996
1995,8/7/1995,Power Macintosh 7500,Power Macintosh,2/17/1997
1995,8/7/1995,Power Macintosh 8500,Power Macintosh,2/17/1997
1995,8/7/1995,"AppleVision 1710, 1710AV",Display,8/5/1997
1995,8/7/1995,Apple Multiple Scan 14 Display,Display,9/14/1996
1995,8/28/1995,PowerBook 190 / 190cs,PowerBook,9/1/1996
1995,8/28/1995,PowerBook 5300,PowerBook,9/1/1996
1995,8/28/1995,Power Macintosh 5300 LC,Power Macintosh / LC,3/1/1997
1995,8/28/1995,"Performa 6205CD, 6214CD",Performa,
1995,8/28/1995,PowerBook Duo 2300c,PowerBook Duo,2/1/1997
1995,10/2/1995,Power Macintosh 9515,Power Macintosh,
1995,10/12/1995,Performa 6210CD,Performa,
1995,10/17/1995,"Performa 5300CD, 5300CD DE, 5320CD",Performa,
1996,1/11/1996,Power Macintosh 7215,Power Macintosh,
1996,1/11/1996,Power Macintosh 8515,Power Macintosh,
1996,1/27/1996,Performa 6290CD,Performa,
1996,2/14/1996,Performa 6310CD,Performa,
1996,2/15/1996,Apple Network Server 500,Network Server,4/1/1997
1996,2/15/1996,Apple Network Server 700/150,Network Server,4/1/1997
1996,2/17/1996,Power Macintosh 5400,Power Macintosh,3/1/1998
1996,2/19/1996,Color StyleWriter 1500,StyleWriter,
1996,2/19/1996,Color StyleWriter 2500,StyleWriter,
1996,2/26/1996,Workgroup Server 7250,Workgroup Server,4/21/1997
1996,2/26/1996,Workgroup Server 8550,Workgroup Server,4/21/1997
1996,3/10/1996,Performa 5260 / 5300,Performa,4/1/1997
1996,4/1/1996,Performa 5400,Performa,2/17/1997
1996,4/1/1996,Power Macintosh 7600,Power Macintosh,10/1/1997
1996,4/15/1996,Power Macintosh 5260,Power Macintosh,3/1/1997
1996,4/15/1996,"Performa 5260CD, 5270CD",Performa,
1996,4/22/1996,Power Macintosh 7200/120 PC Compatible,Power Macintosh,
1996,4/22/1996,Power Macintosh 8200,Power Macintosh,
1996,4/22/1996,Performa 6320CD,Performa,
1996,4/22/1996,"Performa 5400CD, 5410CD, 5420CD",Performa,
1996,5/1/1996,LaserWriter 12/640PS,LaserWriter,
1996,6/19/1996,Performa 6260CD,Performa,
1996,6/27/1996,Power Macintosh 6300,Power Macintosh,
1996,8/5/1996,"Performa 5400/160, 5400/180 (DE)",Performa,
1996,8/15/1996,"Performa 6400/180, 6400/200, 6400/200 VEE",Performa,
1996,10/1/1996,Power Macintosh 6400,Power Macintosh,
1996,10/1/1996,Color LaserWriter 12/660 PS,LaserWriter,
1996,10/16/1996,Apple Network Server 700/200,Network Server,4/1/1997
1996,10/16/1996,Performa 6300CD,Performa,
1996,10/17/1996,Performa 6360,Performa,10/1/1997
1996,10/23/1996,Performa 6400,Performa,5/1/1997
1996,11/12/1996,Performa 5280,Performa,
1996,11/12/1996,"Performa 6410, 6420",Performa,
1996,11/12/1996,"Performa 5430, 5440",Performa,
1996,11/15/1996,Power Macintosh 4400,Power Macintosh,10/11/1997
1996,11/20/1996,PowerBook 1400,PowerBook,5/6/1998
1997,2/17/1997,Power Macintosh 5500,Power Macintosh,3/31/1998
1997,2/17/1997,Power Macintosh 6500,Power Macintosh,3/14/1998
1997,2/17/1997,Power Macintosh 7220,Power Macintosh,
1997,2/17/1997,Power Macintosh 7300,Power Macintosh,11/10/1997
1997,2/17/1997,Power Macintosh 8600,Power Macintosh,2/17/1998
1997,2/17/1997,Power Macintosh 9600,Power Macintosh,3/17/1998
1997,2/17/1997,PowerBook 3400,PowerBook,3/14/1998
1997,3/7/1997,eMate 300,Newton,2/27/1998
1997,3/20/1997,Twentieth Anniversary Macintosh,Power Macintosh,3/14/1998
1997,4/21/1997,Workgroup Server 7350,Workgroup Server,3/2/1998
1997,4/21/1997,Workgroup Server 9650,Workgroup Server,3/2/1998
1997,5/8/1997,PowerBook 2400c,PowerBook,3/14/1998
1997,6/16/1997,Color StyleWriter 4100,StyleWriter,
1997,6/16/1997,Color StyleWriter 4500,StyleWriter,
1997,6/16/1997,Color StyleWriter 6500,StyleWriter,
1997,8/5/1997,LaserWriter 8500,LaserWriter,
1997,8/5/1997,Apple ColorSync/AppleVision 750 Display,Display,11/10/1998
1997,11/10/1997,Power Macintosh G3 desktop,Power Macintosh,1/5/1999
1997,11/10/1997,Power Macintosh G3 minitower,Power Macintosh,1/5/1999
1997,11/10/1997,PowerBook G3,PowerBook G3,3/14/1998
1998,1/31/1998,Power Macintosh G3 AIO,Power Macintosh,10/17/1998
1998,3/2/1998,Macintosh Server G3,Macintosh Server,1/1/1999
1998,3/17/1998,Apple Studio Display,Display,6/1/2004
1998,5/6/1998,PowerBook G3 series,PowerBook G3,5/10/1999
1998,8/15/1998,iMac G3,iMac,5/10/1999
1999,1/5/1999,Power Macintosh G3 (Blue & White),Power Macintosh,10/13/1999
1999,1/5/1999,Macintosh Server G3 (Blue & White),Macintosh Server,8/31/1999
1999,5/10/1999,"PowerBook G3 (""Lombard"")",PowerBook G3,2/16/2000
1999,7/21/1999,iBook,iBook,9/13/2000
1999,7/21/1999,"AirPort (802.11b, ""Graphite"")",AirPort,11/13/2001
1999,8/31/1999,Macintosh Server G4,Macintosh Server,7/19/2000
1999,9/1/1999,"Cinema Display (22"")",Displays,7/19/2000
1999,10/5/1999,iMac (slot loading),iMac,1/7/2002
1999,10/13/1999,Power Mac G4 Graphite,Power Macintosh,7/18/2001
2000,2/16/2000,"PowerBook (""Pismo"")",PowerBook G3,1/9/2001
2000,7/19/2000,Power Mac G4 Cube,Power Macintosh,7/3/2001
2000,7/19/2000,"Cinema Display (22"")",Displays,1/28/2003
2000,7/19/2000,Apple Pro Speakers (USB),Macintosh,1/9/2001
2000,9/13/2000,iBook (FireWire),iBook,5/1/2001
2001,1/9/2001,PowerBook G4 Titanium,PowerBook G4,9/16/2003
2001,1/9/2001,Power Mac G4 Digital Audio,Power Macintosh,7/18/2001
2001,1/9/2001,Apple Pro Speakers (minijack),Macintosh,6/26/1905
2001,5/1/2001,iBook (white),iBook,10/22/2003
2001,7/18/2001,Power Mac G4 Quicksilver,Power Macintosh,8/13/2002
2001,9/8/2001,Server G4 Quicksilver,Macintosh Server,5/14/2002
2001,10/23/2001,iPod (1st gen),iPod Classic,7/17/2002
2002,1/7/2002,"iMac G4 15""",iMac,8/31/2004
2002,1/7/2002,"iBook (14"")",iBook,10/22/2003
2002,4/29/2002,eMac,eMac,7/5/2006
2002,5/14/2002,Xserve,Xserve,2/10/2003
2002,7/17/2002,"iMac G4 17""",iMac,8/31/2004
2002,7/17/2002,iPod (2nd gen),iPod Classic,4/28/2003
2002,8/13/2002,Power Macintosh G4 MDD,Power Macintosh,6/9/2004
2002,8/13/2002,Macintosh Server G4 MDD,Macintosh Server,1/28/2003
2003,1/7/2003,"PowerBook G4 Aluminum (12"")",PowerBook G4,5/16/2006
2003,1/7/2003,"PowerBook G4 Aluminum (17"")",PowerBook G4,4/24/2006
2003,2/10/2003,Xserve slot loading,Xserve,1/6/2004
2003,2/10/2003,Xserve Cluster Node,Xserve,1/6/2004
2003,2/10/2003,Xserve RAID,Xserve,2/19/2008
2003,4/28/2003,iPod (3rd gen),iPod Classic,7/19/2004
2003,6/23/2003,Power Mac G5,Power Macintosh,6/9/2004
2003,9/16/2003,"PowerBook G4 Aluminum (15"")",PowerBook G4,2/14/2006
2003,10/22/2003,"iBook G4 (12"" / 14"")",iBook,5/16/2006
2003,11/18/2003,"iMac G4 20""",iMac,8/31/2004
2004,1/6/2004,Xserve G5,Xserve,8/7/2006
2004,1/6/2004,Xserve Cluster Node G5,Xserve,8/7/2006
2004,1/6/2004,iPod Mini (1st gen),iPod Mini,2/23/2005
2004,1/6/2004,iPod In-Ear Headphones,iPod accessories,6/25/2009
2004,1/8/2004,iPod+HP,iPod Classic,7/29/2005
2004,6/7/2004,AirPort Express (802.11g),AirPort Express,3/17/2008
2004,6/9/2004,Power Macintosh G5 FX,Power Macintosh,10/19/2005
2004,6/28/2004,"Cinema Display (20"")",Displays,2/1/2009
2004,6/28/2004,"Cinema Display (23"")",Displays,11/1/2008
2004,6/28/2004,"Cinema Display (30"")",Displays,7/27/2010
2004,7/19/2004,iPod (4th gen),iPod Classic,10/12/2005
2004,8/31/2004,"iMac G5 17""",iMac,1/10/2006
2004,8/31/2004,"iMac G5 20""",iMac,3/20/2006
2004,9/26/2004,iPod Photo,iPod Classic,6/28/2005
2005,1/11/2005,Mac Mini,Mac Mini,2/28/2006
2005,1/11/2005,iPod Shuffle (1st gen),iPod Shuffle,9/12/2006
2005,2/23/2005,iPod Mini (2nd gen),iPod Mini,9/7/2005
2005,9/7/2005,iPod Nano (1st gen),iPod Nano,9/25/2006
2005,8/2/2005,Apple Mighty Mouse,Apple Mouse,8/7/2007
2005,10/12/2005,iPod (5th gen),iPod Classic,9/5/2007
2005,10/19/2005,Power Macintosh G5 dual core,Power Macintosh,8/7/2006
2006,1/10/2006,iMac (Early 2006),iMac,9/6/2006
2006,1/10/2006,iPod Radio Remote,iPod accessories,6/25/2009
2006,2/14/2006,"MacBook Pro (15"")",MacBook Pro,2/26/2008
2006,2/28/2006,Mac Mini Core Solo,Mac Mini,9/6/2006
2006,2/28/2006,Mac Mini Core Duo,Mac Mini,8/7/2007
2006,2/28/2006,iPod Hi-Fi,iPod accessories,9/5/2007
2006,4/24/2006,"MacBook Pro (17"")",MacBook Pro,2/26/2008
2006,5/16/2006,MacBook,MacBook,4/10/2015
2006,7/13/2006,Nike+iPod,iPod accessories,7/6/1905
2006,8/7/2006,Mac Pro,Mac Pro,1/8/2008
2006,8/7/2006,Xserve (Intel),Xserve,1/8/2008
2006,9/6/2006,iMac (Mid 2006),iMac,8/7/2007
2006,9/12/2006,iPod Shuffle (2nd gen),iPod Shuffle,3/11/2009
2006,9/25/2006,iPod Nano (2nd gen),iPod Nano,9/5/2007
2007,3/21/2007,Apple TV (1st gen),Apple TV,9/1/2010
2007,6/29/2007,iPhone (1st generation) (4 GB),iPhone,9/5/2007
2007,6/29/2007,iPhone (1st generation) (8 GB),iPhone,7/11/2008
2007,6/29/2007,iPhone Bluetooth Headset,iPhone Accessories,3/23/2009
2007,8/7/2007,iMac (Mid 2007),iMac,4/28/2008
2007,8/7/2007,Apple Mighty Mouse (revised),Apple Mouse,6/5/2017
2007,8/7/2007,Apple Keyboard with Numeric Keypad,Apple Keyboard,6/5/2017
2007,8/7/2007,Apple Wireless Keyboard (Aluminum),Apple Keyboard,10/13/2015
2007,8/7/2007,Mac Mini (Mid 2007),Mac Mini,3/3/2009
2007,9/5/2007,iPod Nano (3rd gen),iPod Nano,9/6/2008
2007,9/5/2007,iPod Classic (6th gen),iPod Classic,9/9/2008
2007,9/5/2021,iPod Touch (1st generation) (8 & 16 GB),iPod Touch,9/9/2008
2008,1/8/2008,Xserve (Early 2008),Xserve,4/7/2009
2008,1/8/2008,Mac Pro (Early 2008),Mac Pro,3/3/2009
2008,1/15/2008,MacBook Air (Early 2008),MacBook Air,10/14/2008
2008,1/15/2008,USB SuperDrive,Drives,current
2008,2/5/2008,iPhone (1st generation) (16 GB),iPhone,7/11/2008
2008,2/26/2008,MacBook (Early 2008),MacBook,10/14/2008
2008,2/26/2008,"MacBook Pro (Early 2008) (15"")",MacBook Pro,10/14/2008
2008,2/26/2008,"MacBook Pro (Early 2008) (17"")",MacBook Pro,1/6/2009
2008,2/27/2008,iPod Touch (1st generation) (32 GB),iPod Touch,9/9/2008
2008,2/1/2008,Time Capsule (1st gen),"AirPort, drives",3/3/2009
2008,3/17/2008,AirPort Express 802.11n (1st gen),AirPort Express,6/11/2012
2008,4/28/2008,iMac (Early 2008),iMac,3/3/2009
2008,7/11/2008,iPhone 3G (8 GB),iPhone,6/7/2010
2008,7/11/2008,iPhone 3G (16 GB),iPhone,6/8/2009
2008,9/9/2008,iPod Nano (4th gen),iPod Nano,9/9/2009
2008,9/9/2008,iPod Classic (6th gen) (120 GB),iPod Classic,9/9/2009
2008,9/9/2008,iPod Touch (2nd generation) (8 GB),iPod Touch,9/1/2010
2008,9/9/2008,iPod Touch (2nd generation) (16 & 32 GB),iPod Touch,9/9/2009
2008,9/9/2008,In-Ear Headphones,iPod accessories,7/10/1905
2008,10/14/2008,MacBook Air (Late 2008),MacBook Air,6/8/2009
2008,10/14/2008,MacBook (Late 2008) (White),MacBook,1/29/2009
2008,10/14/2008,MacBook (Late 2008) (Aluminum),MacBook,6/8/2009
2008,10/14/2008,"MacBook Pro (Late 2008) (15"")",MacBook Pro,6/8/2009
2008,10/14/2008,"LED Cinema Display (24"")",Displays,7/27/2010
2009,1/6/2009,"MacBook Pro (Early 2009) (17"")",MacBook Pro,6/8/2009
2009,1/29/2009,MacBook (Early 2009) (White),MacBook,5/27/2009
2009,3/3/2009,Mac Mini (Early 2009),Mac Mini,10/20/2009
2009,3/3/2009,iMac (Early 2009),iMac,10/20/2009
2009,3/3/2009,Mac Pro (Early 2009),Mac Pro,8/9/2010
2009,3/3/2009,Time Capsule (2nd gen) (500 GB),"AirPort, drives",7/30/2009
2009,3/3/2009,Time Capsule (2nd gen) (1 TB),"AirPort, drives",3/31/2010
2009,3/3/2009,AirPort Extreme 802.11n (3rd gen),AirPort,10/20/2009
2009,3/3/2009,Apple Keyboard (short),Apple Keyboard,10/20/2009
2009,3/11/2009,iPod Shuffle (3rd gen) (4 GB),iPod Shuffle,9/1/2010
2009,4/7/2009,Xserve (2009),Xserve,1/31/2011
2009,5/27/2009,MacBook (Mid 2009),MacBook,10/20/2009
2009,6/8/2009,MacBook Pro (Mid 2009),MacBook Pro,4/13/2010
2009,6/8/2009,MacBook Air (Mid 2009),MacBook Air,10/20/2010
2009,6/19/2009,iPhone 3GS (16 & 32 GB),iPhone,6/24/2010
2009,7/30/2009,Time Capsule (2nd gen) (2 TB),"AirPort, drives",3/31/2010
2009,9/9/2009,iPod Nano (5th gen),iPod Nano,9/1/2010
2009,9/9/2009,iPod Classic (6th gen) (160 GB),iPod Classic,9/9/2014
2009,9/9/2009,iPod Touch (3rd generation),iPod Touch,9/1/2010
2009,9/9/2009,iPod Shuffle (3rd gen) (2 GB),iPod Shuffle,9/1/2010
2009,10/20/2009,iMac (Late 2009),iMac,7/27/2010
2009,10/20/2009,MacBook (Late 2009),MacBook,5/18/2010
2009,10/20/2009,Mac Mini (Late 2009),Mac Mini,6/15/2010
2009,10/20/2009,Magic Mouse,Apple Mouse,10/13/2015
2009,10/20/2009,AirPort Extreme 802.11n (4th gen),AirPort,6/21/2011
2010,3/31/2010,Time Capsule (3rd gen),"AirPort, drives",6/21/2011
2010,4/3/2010,iPad (Wi-Fi),iPad,3/2/2011
2010,4/13/2010,MacBook Pro (Mid 2010),MacBook Pro,2/24/2011
2010,4/30/2010,iPad (Wi-Fi + 3G),iPad,3/2/2011
2010,5/18/2010,MacBook (Mid 2010),MacBook,7/20/2011
2010,6/15/2010,Mac Mini (Mid 2010),Mac Mini,7/20/2011
2010,6/24/2010,iPhone 3GS (8 GB),iPhone,9/12/2012
2010,6/24/2010,iPhone 4 (GSM) (16 & 32 GB),iPhone,10/4/2011
2010,7/27/2010,iMac (Mid 2010),iMac,5/3/2011
2010,7/27/2010,Magic Trackpad,Trackpad,10/13/2015
2010,7/27/2010,Apple Battery Charger,Input Device Accessories,1/15/2016
2010,7/27/2010,"LED Cinema Display (27"")",Displays,12/2/2013
2010,8/9/2010,Mac Pro (Mid 2010),Mac Pro,6/11/2012
2010,9/1/2010,iPod Touch (4th generation) (8 & 64 GB),iPod Touch,9/12/2012
2010,9/1/2010,iPod Touch (4th generation) (32 GB),iPod Touch,5/30/2013
2010,9/1/2010,iPod Nano (6th gen),iPod Nano,9/12/2012
2010,9/1/2010,iPod Shuffle (4th gen),iPod Shuffle,7/27/2017
2010,9/1/2010,Apple TV (2nd gen),Apple TV,3/7/2012
2010,10/20/2010,MacBook Air (Late 2010),MacBook Air,7/20/2011
2011,2/10/2011,iPhone 4 (CDMA) (16 & 32 GB),iPhone,10/4/2011
2011,2/24/2011,MacBook Pro (Early 2011),MacBook Pro,10/24/2011
2011,3/11/2011,iPad 2 (16 GB),iPad,3/18/2014
2011,3/11/2011,iPad 2 (32 & 64 GB),iPad,3/7/2012
2011,5/3/2011,iMac (Mid 2011),iMac,11/30/2012
2011,6/21/2011,AirPort Extreme 802.11n (5th gen),AirPort,6/10/2013
2011,6/21/2011,Time Capsule (4th gen),"AirPort, drives",6/10/2013
2011,7/20/2011,MacBook Air (Mid 2011),MacBook Air,6/11/2012
2011,7/20/2011,Mac Mini (Mid 2011),Mac Mini,10/23/2012
2011,7/20/2011,Thunderbolt Display,Displays,6/23/2016
2011,10/14/2011,iPhone 4 (8 GB),iPhone,9/10/2013
2011,10/14/2011,iPhone 4S (16 GB),iPhone,9/10/2013
2011,10/14/2011,iPhone 4S (32 & 64 GB),iPhone,9/12/2012
2011,10/14/2011,MacBook Pro (Late 2011),MacBook Pro,6/11/2012
2012,3/16/2012,iPad (3rd gen),iPad,10/23/2012
2012,3/16/2012,Apple TV (3rd gen),Apple TV,1/28/2013
2012,6/11/2012,Mac Pro (Mid 2012),Mac Pro,12/19/2013
2012,6/11/2012,MacBook Air (Mid 2012),MacBook Air,6/10/2013
2012,6/11/2012,MacBook Pro (Mid 2012),MacBook Pro,10/27/2016
2012,6/11/2012,"MacBook Pro with Retina display (3rd gen) (15"") (Mid 2012)",MacBook Pro,2/13/2013
2012,6/11/2012,AirPort Express 802.11n (2nd gen),AirPort Express,4/26/2018
2012,9/12/2012,EarPods with 3.5mm connector,iPhone accessories,current
2012,9/12/2012,iPod Touch (4th generation) (16 GB),iPod Touch,5/30/2013
2012,9/12/2012,iPhone 5,iPhone,9/10/2013
2012,10/11/2012,iPod Touch (5th generation) (32 & 64 GB),iPod Touch,7/15/2015
2012,10/11/2012,iPod Nano (7th gen),iPod Nano,7/27/2017
2012,10/23/2012,Mac Mini (Late 2012),Mac Mini,10/16/2014
2012,10/23/2012,"MacBook Pro with Retina display (3rd gen) (13"") (Late 2012)",MacBook Pro,2/13/2013
2012,11/2/2012,iPad mini (1st gen) (Wi-Fi) (16 GB),iPad,6/19/2015
2012,11/2/2012,iPad mini (1st gen) (Wi-Fi) (32 & 64 GB),iPad,10/22/2013
2012,11/2/2012,iPad (4th gen) (Wi-Fi) (16 GB),iPad,10/16/2014
2012,11/2/2012,iPad (4th gen) (Wi-Fi) (32 & 64 GB),iPad,10/22/2013
2012,11/16/2012,iPad Mini (Wi-Fi + Cellular) (16 GB),iPad,6/19/2015
2012,11/16/2012,iPad Mini (Wi-Fi + Cellular) (32 & 64 GB),iPad,10/22/2013
2012,11/16/2012,iPad (4th gen) (Wi-Fi + Cellular) (16 GB),iPad,10/16/2014
2012,11/16/2012,iPad (4th gen) (Wi-Fi + Cellular) (32 & 64 GB),iPad,10/22/2013
2012,11/30/2012,"iMac (21.5"") (Late 2012)",iMac,9/24/2013
2012,12/1/2012,"iMac (27"") (Late 2012)",iMac,9/24/2013
2013,1/28/2013,Apple TV (3rd gen Rev A),Apple TV,9/8/2016
2013,2/13/2013,MacBook Pro with Retina display (3rd gen) (Early 2013),MacBook Pro,10/22/2013
2013,5/30/2013,iPod Touch (5th generation) (16 GB),iPod Touch,6/26/2014
2013,6/10/2013,AirPort Extreme 802.11ac (6th gen),AirPort,4/26/2018
2013,6/10/2013,Time Capsule (5th gen),"AirPort, drives",4/26/2018
2013,6/10/2013,MacBook Air (Mid 2013),MacBook Air,4/29/2014
2013,9/20/2013,iPhone 4S (8 GB),iPhone,9/9/2014
2013,9/20/2013,iPhone 5C (16 & 32 GB),iPhone,9/9/2014
2013,9/20/2013,iPhone 5S (16 & 32 GB),iPhone,3/21/2016
2013,9/20/2013,iPhone 5S (64 GB),iPhone,9/9/2014
2013,9/24/2013,"iMac (21.5"") (Late 2013)",iMac,6/18/2014
2013,9/24/2013,"iMac (27"") (Late 2013)",iMac,10/13/2015
2013,10/22/2013,MacBook Pro with Retina display (3rd gen) (Late 2013),MacBook Pro,7/29/2014
2013,11/1/2013,iPad Air (16 & 32 GB),iPad,3/21/2016
2013,11/1/2013,iPad Air (64 & 128 GB),iPad,10/16/2014
2013,11/12/2013,iPad Mini 2 (16 GB),iPad,9/7/2016
2013,11/12/2013,iPad Mini 2 (32 GB),iPad,3/21/2017
2013,11/12/2013,iPad Mini 2 (64 & 128 GB),iPad,10/16/2014
2013,12/19/2013,Mac Pro (Late 2013),Mac Pro,12/10/2019
2014,3/18/2014,iPhone 5C (8 GB),iPhone,9/9/2015
2014,4/29/2014,MacBook Air (Early 2014),MacBook Air,3/9/2015
2014,6/18/2014,"iMac (21.5-inch, Mid 2014)",iMac,6/5/2017
2014,6/26/2014,"iPod Touch 16GB (5th generation, Mid 2013)",iPod Touch,7/15/2015
2014,7/29/2014,"MacBook Pro (Retina, Mid 2014)",MacBook Pro,3/9/2015
2014,9/19/2014,iPhone 6 (16 & 64 GB),iPhone,9/7/2016
2014,9/19/2014,iPhone 6 Plus (16 & 64 GB),iPhone,9/7/2016
2014,9/19/2014,iPhone 6 (128 GB),iPhone,9/9/2015
2014,9/19/2014,iPhone 6 Plus (128 GB),iPhone,9/9/2015
2014,10/16/2014,"iMac (Retina 5K, 27-inch, Late 2014)",iMac,10/13/2015
2014,10/16/2014,Mac Mini (Late 2014),Mac Mini,10/30/2018
2014,10/22/2014,iPad Air 2 (16 & 64 GB),iPad,9/7/2016
2014,10/22/2014,iPad Air 2 (128 GB),iPad,3/21/2017
2014,10/22/2014,"iPad Mini 3 (16, 64 & 128 GB)",iPad,9/9/2015
2015,3/9/2015,"MacBook Air (13-inch, Early 2015)",MacBook Air,6/5/2017
2015,3/9/2015,"MacBook Air (11-inch, Early 2015)",MacBook Air,10/27/2016
2015,3/9/2015,"MacBook Pro (Retina, 13-inch, Early 2015)",MacBook Pro,6/5/2017
2015,4/10/2015,"MacBook (Retina, 12-inch, Early 2015)",MacBook,4/19/2016
2015,4/24/2015,Apple Watch (1st generation),Apple Watch,9/7/2016
2015,4/24/2015,Apple Watch Sport (1st generation),Apple Watch,9/7/2016
2015,4/24/2015,Apple Watch Edition (1st generation),Apple Watch,9/7/2016
2015,5/19/2015,"MacBook Pro (Retina, 15-inch, Mid 2015)",MacBook Pro,7/12/2018
2015,5/19/2015,"iMac (Retina 5K, 27-inch, Mid 2015)",iMac,10/13/2015
2015,7/15/2015,iPod Touch (6th generation) (32 GB and 128 GB),iPod Touch,5/28/2019
2015,7/15/2015,iPod Touch (6th generation) (16 GB and 64 GB),iPod Touch,7/27/2017
2015,9/9/2015,iPad Mini 4 (16 GB and 64 GB),iPad,9/7/2016
2015,9/9/2015,iPad Mini 4 (32 GB),iPad,3/21/2017
2015,9/9/2015,iPad Mini 4 (128 GB),iPad,3/18/2019
2015,9/25/2015,iPhone 6S (16GB and 64GB),iPhone,9/7/2016
2015,9/25/2015,iPhone 6S (128 GB),iPhone,9/12/2018
2015,9/25/2015,iPhone 6S Plus (16GB and 64GB),iPhone,9/7/2016
2015,9/25/2015,iPhone 6S Plus (128 GB),iPhone,9/12/2018
2015,10/13/2015,"iMac (21.5-inch, Late 2015)",iMac,6/5/2017
2015,10/13/2015,"iMac (Retina 4K, 21.5-inch, Late 2015)",iMac,6/5/2017
2015,10/13/2015,"iMac (Retina 5K, 27-inch, Late 2015)",iMac,6/5/2017
2015,10/13/2015,Magic Mouse 2,Apple Mouse,current
2015,10/13/2015,Magic Trackpad 2,Trackpad,current
2015,10/13/2015,Magic Keyboard,Apple Keyboard,current
2015,10/30/2015,Apple TV HD (Previously Apple TV (4th generation)) (32 GB),Apple TV,current
2015,10/30/2015,Apple TV HD (Previously Apple TV (4th generation)) (64 GB),Apple TV,9/12/2017
2015,11/11/2015,iPad Pro (12.9-inch) (32 and 128 GB),iPad,6/5/2017
2015,11/11/2015,Apple Pencil,iPad,current
2016,3/31/2016,iPad Pro (9.7-inch),iPad,6/5/2017
2016,3/31/2016,iPhone SE (1st generation) (16 & 64 GB),iPhone,3/21/2017
2016,3/31/2016,iPad Pro (12.9-inch) (256 GB),iPad,6/5/2017
2016,4/19/2016,"MacBook (Retina, 12-inch, Early 2016)",MacBook,6/5/2017
2016,9/7/2016,iPad Air 2 (32 GB),iPad,3/21/2017
2016,9/16/2016,iPhone 7 (32 & 128 GB),iPhone,9/10/2019
2016,9/16/2016,iPhone 7 (256 GB),iPhone,9/12/2017
2016,9/16/2016,iPhone 7 Plus (32 & 128 GB),iPhone,9/10/2019
2016,9/16/2016,iPhone 7 Plus (256 GB),iPhone,9/12/2017
2016,9/16/2016,EarPods with Lightning Connector,iPhone accessories,current
2016,9/16/2016,iPhone 6S (32 GB),iPhone,9/12/2018
2016,9/16/2016,iPhone 6S Plus (32 GB),iPhone,9/12/2018
2016,9/16/2016,Apple Watch Series 1,Apple Watch,9/12/2018
2016,9/16/2016,Apple Watch Series 2,Apple Watch,9/12/2017
2016,9/16/2016,Apple Watch Hermès Series 2,Apple Watch,9/12/2017
2016,9/16/2016,Apple Watch Edition Series 2,Apple Watch,9/12/2017
2016,10/27/2016,"MacBook Pro (13-inch, 2016, Two Thunderbolt 3 ports)",MacBook Pro,6/5/2017
2016,10/27/2016,"MacBook Pro (13-inch, 2016, Four Thunderbolt 3 ports)",MacBook Pro,6/5/2017
2016,10/27/2016,"MacBook Pro (15-inch, 2016)",MacBook Pro,6/5/2017
2016,10/27/2016,Apple Watch Nike+ Series 2,Apple Watch,9/12/2017
2016,12/19/2016,AirPods (1st generation),iPhone accessories,3/20/2019
2017,3/21/2017,iPhone SE (1st generation) (32 GB and 128 GB),iPhone,9/12/2018
2017,3/24/2017,iPad (5th generation),iPad,3/27/2018
2017,6/5/2017,iPad Pro (12.9-inch) (2nd generation),iPad,11/7/2018
2017,6/5/2017,iPad Pro (10.5-inch),iPad,3/18/2019
2017,6/5/2017,"MacBook Air (13-inch, 2017)",MacBook Air,7/9/2019
2017,6/5/2017,"MacBook (Retina, 12-inch, 2017)",MacBook,7/9/2019
2017,6/5/2017,"MacBook Pro (13-inch, 2017, Two Thunderbolt 3 ports)",MacBook Pro,7/9/2019
2017,6/5/2017,"MacBook Pro (13-inch, 2017, Four Thunderbolt 3 ports)",MacBook Pro,7/12/2018
2017,6/5/2017,"MacBook Pro (15-inch, 2017)",MacBook Pro,7/12/2018
2017,6/5/2017,"iMac (21.5-inch, 2017)",iMac,current
2017,6/5/2017,"iMac (Retina 4K, 21.5-inch, 2017)",iMac,3/19/2019
2017,6/5/2017,"iMac (Retina 5K, 27-inch, 2017)",iMac,3/19/2019
2017,6/5/2017,Magic Keyboard with Numeric Keypad,Apple Keyboard,current
2017,9/22/2017,Apple TV 4K (1st generation),Apple TV,4/20/2021
2017,9/22/2017,Apple Watch Series 3,Apple Watch,current
2017,9/22/2017,Apple Watch Hermès Series 3,Apple Watch,9/12/2018
2017,9/22/2017,Apple Watch Edition Series 3,Apple Watch,9/12/2018
2017,9/22/2017,Apple Watch Nike+ Series 3,Apple Watch,current
2017,9/22/2017,iPhone 8 (64 GB),iPhone,4/15/2020
2017,9/22/2017,iPhone 8 (256 GB),iPhone,9/10/2019
2017,9/22/2017,iPhone 8 Plus (64 GB),iPhone,4/15/2020
2017,9/22/2017,iPhone 8 Plus (256 GB),iPhone,9/10/2019
2017,11/3/2017,iPhone X,iPhone,9/12/2018
2017,12/14/2017,iMac Pro (2017),iMac,3/5/2021
2018,2/9/2018,HomePod,HomePod,3/12/2021
2018,3/27/2018,iPad (6th generation),iPad,9/10/2019
2018,7/12/2018,"MacBook Pro (13-inch, 2018, Four Thunderbolt 3 ports)",MacBook Pro,5/21/2019
2018,7/12/2018,"MacBook Pro (15-inch, 2018)",MacBook Pro,5/21/2019
2018,9/21/2018,Apple Watch Series 4,Apple Watch,9/10/2019
2018,9/21/2018,Apple Watch Hermès Series 4,Apple Watch,9/10/2019
2018,9/21/2018,Apple Watch Nike+ Series 4,Apple Watch,9/10/2019
2018,9/21/2018,iPhone XS,iPhone,9/10/2019
2018,9/21/2018,iPhone XS Max,iPhone,9/10/2019
2018,10/26/2018,iPhone XR (64 GB and 128 GB),iPhone,current
2018,10/26/2018,iPhone XR (256 GB),iPhone,9/10/2019
2018,10/30/2018,Apple Pencil (2nd generation),iPad,current
2018,11/7/2018,iPad Pro 11-inch (1st generation),iPad,3/18/2020
2018,11/7/2018,iPad Pro 12.9-inch (3rd generation),iPad,3/18/2020
2018,11/7/2018,"MacBook Air (Retina, 13-inch, 2018)",MacBook Air,7/9/2019
2018,11/7/2018,Mac Mini (2018) (Intel Core i3),Mac Mini,11/17/2020
2018,11/7/2018,Mac Mini (2018) (Intel Core i5 and i7),Mac Mini,current
2019,3/18/2019,iPad Air (3rd generation),iPad,9/15/2020
2019,3/18/2019,iPad Mini (5th generation),iPad,current
2019,3/18/2019,"iMac (Retina 4K, 21.5-inch, 2019)",iMac,4/20/2021
2019,3/18/2019,"iMac (Retina 5K, 27-inch, 2019)",iMac,8/4/2020
2019,3/20/2019,AirPods (2nd generation),iPhone accessories,current
2019,5/21/2019,"MacBook Pro (13-inch, 2019, Four Thunderbolt 3 ports)",MacBook Pro,5/4/2020
2019,5/21/2019,"MacBook Pro (15-inch, 2019)",MacBook Pro,11/13/2019
2019,5/28/2019,iPod Touch (7th generation),iPod Touch,current
2019,7/9/2019,"MacBook Air (Retina, 13-inch, 2019)",MacBook Air,3/18/2020
2019,7/9/2019,"Macbook Pro (13-inch, 2019, Two Thunderbolt 3 ports)",MacBook Pro,5/4/2020
2019,8/20/2019,Apple Card,iPhone accessories,current
2019,9/20/2019,Apple Watch Series 5,Apple Watch,9/15/2020
2019,9/20/2019,Apple Watch Hermès Series 5,Apple Watch,9/15/2020
2019,9/20/2019,Apple Watch Nike Series 5,Apple Watch,9/15/2020
2019,9/20/2019,Apple Watch Edition Series 5,Apple Watch,9/15/2020
2019,9/20/2019,iPhone 8 (128 GB),iPhone,4/15/2020
2019,9/20/2019,iPhone 8 Plus (128 GB),iPhone,4/15/2020
2019,9/20/2019,iPhone 11,iPhone,current
2019,9/20/2019,iPhone 11 Pro,iPhone,10/13/2020
2019,9/20/2019,iPhone 11 Pro Max,iPhone,10/13/2020
2019,9/25/2019,iPad (7th generation),iPad,9/15/2020
2019,10/30/2019,AirPods Pro,iPhone accessories,current
2019,11/13/2019,"MacBook Pro (16-inch, 2019)",MacBook Pro,current
2019,12/10/2019,Mac Pro (2019),Mac Pro,current
2019,12/10/2019,Pro Display XDR,Displays,current
2020,3/18/2020,,,
2020,3/18/2020,iPad Pro 11-inch (2nd generation),iPad,4/20/2021
2020,3/18/2020,iPad Pro 12.9-inch (4th generation),iPad,4/20/2021
2020,3/18/2020,Magic Keyboard for iPad,Apple Keyboard,current
2020,3/18/2020,"MacBook Air (Retina, 13-inch, 2020)",MacBook Air,11/17/2020
2020,4/24/2020,iPhone SE (2nd generation),iPhone,current
2020,5/4/2020,"MacBook Pro (13-inch, 2020, Four Thunderbolt 3 ports)",MacBook Pro,current
2020,5/4/2020,"MacBook Pro (13-inch, 2020, Two Thunderbolt 3 ports)",,11/17/2020
2020,8/4/2020,"iMac (Retina 5K, 27-inch, 2020)",iMac,current
2020,9/18/2020,Apple Watch Series 6,Apple Watch,current
2020,9/18/2020,Apple Watch Hermès Series 6,Apple Watch,current
2020,9/18/2020,Apple Watch Nike Series 6,Apple Watch,current
2020,9/18/2020,Apple Watch SE,Apple Watch,current
2020,9/18/2020,iPad (8th generation),iPad,current
2020,10/23/2020,iPad Air (4th generation),iPad,current
2020,10/23/2020,iPhone 12,iPhone,current
2020,10/23/2020,iPhone 12 Pro,iPhone,current
2020,11/13/2020,iPhone 12 Mini,iPhone,current
2020,11/13/2020,iPhone 12 Pro Max,iPhone,current
2020,11/16/2020,HomePod Mini,HomePod,current
2020,11/17/2020,"Mac Mini (M1, 2020)",Mac Mini,current
2020,11/17/2020,"MacBook Air (M1, 2020)",MacBook Air,current
2020,11/17/2020,"MacBook Pro (13-inch, M1, 2020)",MacBook Pro,current
2020,12/15/2020,AirPods Max,iPhone accessories,current
2021,4/30/2021,AirTag,iPhone accessories,current
2021,5/1/2021,Apple TV 4K (2nd generation),Apple TV,current
2021,5/1/2021,"iMac (24-inch, M1, 2021)",iMac,current
2021,5/1/2021,Magic Keyboard with Touch ID,Apple Keyboard,current
2021,5/1/2021,Magic Keyboard with Touch ID and Numeric Keypad,Apple Keyboard,current
2021,5/1/2021,iPad Pro 11-inch (3rd generation),iPad,current
2021,5/1/2021,iPad Pro 12.9-inch (5th generation),iPad,current
